akeefe,akeefecst,101943013
akukulka,akukulkacst,101796416
agrimm,grimmsuntimes,100348879
arezincst,shayeseditor,2
bbarker,bbarkercst,70352819
cdeluca,chrisdcst,70352827
cfuscocst,cfuscocst,70352826
danielbrown,dbrowncst,101809872
dbowman,bowmanoutside,101986605
fgattuso,fgattusocst,101789189
herb-gould,hgouldcst,70352843
jagrest,jagrestcst,70352845
jkirk,jkirkcst,101783400
jmayescst,jmayescst,70352852
joneillcst,joneillcst,70352853
jowen,jowencst,70352854
jsilver,jsilvercst,101802833
lfitzpatrick,lfitzpatrickcst,70352857
luke-wilusz,lwiluszcst,70352861
marmentroutcst,marmentroutcst,70352863
mmitchell,marymcst,70352864
marym,marymcst,70352864
maureen-o'donnell,modonnell791,72099276
mcorradino,mcorradino,75642309
mcotter,mpottercst,70352880
mdoubek,mdudekcst,70352868
mdumke,mdumke,101845049
mgarcia,mgarciasuntimescom,101640087
ihejirika,mihejirikacst,70352871
mmitchell,marymcst,70352864
psaltzmancst,psaltzmancst,70352892
rheincst,rheincst,70352894
RUMMANA-HUSSAIN,rhussaincst,70352895
scharles,scharlescst,70352898
sesposito,sespositocst,72506209
sfornek,sfornekcst,70352901
sgreenberg,sgreenbergcst,70352902
salicea,saliceacst,101846592
swarmbircst,swarmbircst,70352909
tfrisbie,tfrisbiecst,70352913
tina-sfondeles,tsfondelescst,70352918
tmcnamee,tmcnameecst,70352915
tnovak,tnovakcst,72101282
tina-sfondeles,tsfondelescst,70352918
van-schouwen,dvanschouwencst,70352835